,sample,Comp.1,Comp.2,Comp.3,Comp.4,Comp.5,Comp.6,Comp.7,Comp.8
1,apr_run1_10_10,0.198725917,0.217232653,0.209822419,0.219779722,0.213668988,0.164954363,0.161143714,0.087993314
2,apr_run1_3_3,0.171014664,0.196604703,0.173052896,0.185360234,0.178128658,0.12044817,0.123714199,0.075072492
3,apr_run1_4_4,0.161486813,0.186464482,0.169212976,0.191250035,0.173145746,0.106494826,0.113695018,0.063441012
4,apr_run1_5_5,0.889924094,0.988482182,0.813270352,0.694880615,0.96716955,0.627554722,0.547617417,0.083169078
5,apr_run1_6_6,0.861657268,0.958730847,0.788833059,0.695396998,0.939032908,0.601159335,0.529393182,0.04400352
6,apr_run1_7_7,0.181831494,0.187686666,0.193312664,0.175899316,0.188238945,0.148221224,0.152817465,0.117133324
7,apr_run1_8_8,0.175970434,0.183498949,0.186513225,0.174778863,0.187246426,0.145182867,0.148809502,0.071563791
8,apr_run1_9_9,0.204619608,0.223776667,0.215700775,0.224113665,0.2178732,0.15938123,0.159168258,0.095909225
9,apr_run10_1_11,0.491464737,0.614196165,0.373803651,0.412839918,0.499664843,0.334969203,0.327358609,0.154174903
10,apr_run10_10_20,0.230844628,0.235184741,0.216343765,0.272379108,0.217203403,0.209970329,0.212674183,0.026662659
11,apr_run10_2_12,0.467292425,0.594443758,0.361676952,0.402090509,0.474638802,0.317297887,0.312438179,0.146550008
12,apr_run10_3_13,0.239376686,0.238701689,0.247977469,0.251863937,0.236821081,0.223070397,0.212086852,0.073302458
13,apr_run10_4_14,0.227988177,0.230449532,0.236009073,0.248490788,0.227005192,0.204459613,0.20133532,0.071174228
14,apr_run10_5_15,0.858423316,0.942927986,0.766137176,0.649001823,0.900847124,0.600962834,0.52602801,0.02239859
15,apr_run10_6_16,0.807072949,0.898088861,0.724425178,0.639872082,0.855192454,0.55767903,0.544820628,0.057280184
16,apr_run10_7_17,0.220202447,0.266894835,0.197947212,0.224888013,0.243279746,0.152767933,0.191298081,0.098767167
17,apr_run10_8_18,0.207607316,0.257690581,0.191644041,0.227519968,0.232950127,0.140335235,0.174754682,0.090320166
18,apr_run10_9_19,0.237247016,0.246973644,0.226198463,0.277386509,0.219378557,0.230510407,0.210950491,0.027888683
19,apr_run11_1_21,0.189255298,0.222452719,0.189126765,0.20280425,0.197818907,0.14601247,0.136712238,0
20,apr_run11_10_30,0.251484196,0.257160837,0.266881776,0.284853258,0.249272529,0.225744254,0.246054284,0.024473931
21,apr_run11_2_22,0.183182058,0.214261945,0.184053858,0.201507259,0.187276618,0.128936871,0.123615925,0
22,apr_run11_3_23,0.212039571,0.264702103,0.180097914,0.203044427,0.216348214,0.15804263,0.127302293,0
23,apr_run11_4_24,0.203426043,0.253657659,0.171321888,0.190754851,0.211069553,0.153389076,0.142444735,0
24,apr_run11_7_27,0.13655051,0.140280467,0.144687522,0.15496104,0.132314188,0.142165042,0.126795869,0.003933466
25,apr_run11_8_28,0.133027474,0.133745898,0.140691529,0.148200825,0.127327109,0.137282923,0.110691945,0
26,apr_run11_9_29,0.260998192,0.262336653,0.278058447,0.290673292,0.255457462,0.247234768,0.237986485,0.025332832
27,apr_run12_1_31,0.603210177,0.758307051,0.461240231,0.514672505,0.605738046,0.419780055,0.359290968,0.181977863
28,apr_run12_10_40,0.36052754,0.340403544,0.384667555,0.379488754,0.382272251,0.294569872,0.294871497,0.158871663
29,apr_run12_2_32,0.579415641,0.732313221,0.44684106,0.500800361,0.583586144,0.388269344,0.36003963,0.158751678
30,apr_run12_3_33,0.283824645,0.29885777,0.252770501,0.249011407,0.259425777,0.217644592,0.212353013,0.102170289
31,apr_run12_4_34,0.25878526,0.279192196,0.236531093,0.23748,0.244715416,0.193336327,0.200618879,0.08886708
32,apr_run12_5_35,0.212934992,0.211014601,0.220683769,0.203524642,0.219797432,0.180572441,0.173121868,0.139281619
33,apr_run12_6_36,0.2061202,0.204093534,0.214268275,0.186990385,0.21265094,0.179635833,0.192550371,0.140866329
34,apr_run12_7_37,0.474318669,0.472637092,0.468547135,0.512656279,0.453813704,0.369750879,0.375300278,0.185947893
35,apr_run12_8_38,0.447943841,0.451307141,0.443626143,0.488042449,0.432543542,0.35891845,0.332257531,0.061865574
36,apr_run12_9_39,0.371595266,0.34943915,0.395857286,0.383223472,0.39498199,0.31338528,0.293196715,0.132047712
37,apr_run13_1_41,0.345314304,0.381943438,0.372943108,0.319358837,0.377028202,0.252884062,0.229689341,0.084003859
38,apr_run13_10_50,0.370887309,0.365864197,0.356984897,0.342992484,0.349628403,0.354350597,0.302296005,0.136821991
39,apr_run13_2_42,0.334626579,0.368005449,0.356650752,0.311607655,0.368863335,0.241044996,0.231540735,0.062114014
40,apr_run13_3_43,0.972352717,1.06755686,0.872790658,0.734027409,1.016986924,0.700309774,0.520262552,0.023462861
41,apr_run13_4_44,0.91353986,1.018524137,0.818561887,0.723808314,0.96364083,0.640219019,0.500051269,0.021781231
42,apr_run13_5_45,0.209991941,0.193947267,0.217409214,0.261576598,0.199083433,0.258203337,0.41038633,0.268526536
43,apr_run13_6_46,0.195156677,0.187253858,0.205802596,0.251441703,0.184703997,0.234116563,0.319810203,0.153351783
44,apr_run13_9_49,0.386067709,0.377918704,0.37008956,0.353379263,0.362763186,0.375790672,0.327945262,0.088041662
45,apr_run14_1_51,0.825149853,0.795905281,0.834327644,0.848855181,0.807584698,0.679233836,0.717058077,0.561896273
46,apr_run14_10_60,0.831903624,0.846614356,0.694456732,0.634392613,0.708280648,0.798372196,0.768326803,0.347847457
47,apr_run14_11_61,0.227873788,0.222010087,0.24784164,0.190389379,0.249498917,0.192909366,0.150475215,0.031954719
48,apr_run14_12_62,0.217989631,0.215175349,0.237275492,0.190149839,0.237998273,0.181030916,0.136942381,0.015640091
49,apr_run14_2_52,0.782914454,0.769257204,0.798647129,0.826891109,0.77307409,0.636789912,0.691177826,0.506576705
50,apr_run14_3_53,0.216395119,0.229284105,0.212911143,0.216165454,0.221250594,0.163219926,0.203582869,0.103765477
51,apr_run14_5_55,0.999871423,1.01315135,0.880753893,0.729429527,0.931905336,0.828750256,0.678656619,0.188135362
52,apr_run14_6_56,0.963057128,0.981113852,0.850336058,0.69719079,0.901747828,0.799140098,0.715213347,0.240224322
53,apr_run14_9_59,0.860263555,0.865048109,0.714355967,0.653050339,0.726983967,0.811427798,0.7851404,0.344891517
54,apr_run2_1_63,0.198575911,0.198299273,0.218386945,0.171318364,0.222831247,0.166504872,0.134314916,0.034124377
55,apr_run2_10_72,0.283989663,0.320281033,0.298848718,0.263478767,0.316767355,0.196062187,0.196476994,0.027522092
56,apr_run2_2_64,0.191819093,0.191635065,0.213296679,0.168442112,0.212931784,0.163191998,0.128717715,0.012633716
57,apr_run2_3_65,0.736372795,0.715891619,0.751262034,0.762561759,0.740218656,0.609898289,0.693803374,0.515233772
58,apr_run2_4_66,0.698312849,0.687276031,0.719695789,0.753461923,0.714822059,0.572868284,0.665855449,0.491550964
59,apr_run2_5_67,0.118054373,0.118675202,0.132183868,0.133316293,0.120282561,0.122763236,0.120867937,0.070462216
60,apr_run2_6_68,0.11422623,0.114811532,0.127436197,0.127497077,0.114335629,0.125383254,0.104132937,0.073370169
61,apr_run2_7_69,0.228357955,0.238142972,0.219664306,0.2644559,0.21895623,0.224746689,0.212413962,0.036702513
62,apr_run2_8_70,0.217043429,0.228071181,0.209593207,0.251746627,0.204210116,0.215593712,0.182994506,0.018765647
63,apr_run2_9_71,0.292785046,0.327902777,0.307949913,0.266664187,0.322203821,0.210306291,0.182128586,0.047578497
64,apr_run3_1_73,0.994518176,1.028507009,0.87921514,0.739120292,0.966147078,0.812340123,0.33509088,0.077853478
65,apr_run3_2_74,0.955235204,0.991156154,0.852062273,0.713644944,0.932575812,0.776170674,0.288414779,0.054266204
66,apr_run3_5_77,0.195241789,0.188221743,0.221554359,0.258537815,0.184741353,0.197254515,2.37E-21,0
67,apr_run3_6_78,0.190314941,0.180759078,0.216550419,0.25661377,0.185220156,0.198157092,0,0
68,apr_run3_7_79,0.248215028,0.248555577,0.266118523,0.27798927,0.242849184,0.153118171,0,0
69,apr_run3_8_80,0.23690187,0.239608055,0.255904424,0.269782063,0.236707145,0.147160293,0,0
70,apr_run4_1_81,0.316206542,0.290217544,0.342219412,0.325429448,0.337402586,0.246406782,0.244254401,0.096313322
71,apr_run4_10_90,0.360564421,0.34486222,0.350533783,0.313790044,0.347508179,0.339104211,0.326719531,0.145226304
72,apr_run4_2_82,0.302102333,0.278550398,0.328919783,0.316346704,0.327706394,0.243278016,0.205643587,0.097372628
73,apr_run4_3_83,0.203319301,0.238015266,0.177232505,0.175478751,0.207191587,0.157092148,0.120430311,0.101941733
74,apr_run4_4_84,0.195238744,0.227969466,0.17241768,0.175857131,0.205459868,0.139589087,0.122551801,0.079245265
75,apr_run4_5_85,0.865790727,0.876175855,0.727657285,0.646565206,0.753160629,0.811834367,0.754573004,0.396228966
76,apr_run4_6_86,0.82485126,0.845129985,0.718865618,0.626498594,0.729636937,0.765000132,0.731469775,0.340388651
77,apr_run4_7_87,0.535106981,0.651991401,0.418326528,0.440994829,0.547743843,0.354788436,0.350022449,0.225062675
78,apr_run4_8_88,0.508725069,0.629873335,0.404177175,0.423542786,0.525808938,0.343132952,0.349067293,0.197187733
79,apr_run4_9_89,0.371099476,0.356655535,0.361848993,0.322853358,0.352416791,0.351780613,0.320831873,0.147340251
80,apr_run5_1_91,0.250031075,0.257825991,0.236442841,0.246904978,0.226575282,0.186643573,0.085512511,0
81,apr_run5_2_92,0.239303546,0.257626062,0.231611204,0.234280165,0.21495045,0.192031373,0.066732002,0
82,apr_run5_3_93,0.22847829,0.284715431,0.208811187,0.24318083,0.247073831,0.133051198,0.041459177,0
83,apr_run5_4_94,0.221442561,0.271362366,0.199284673,0.232029859,0.237523963,0.127605857,0.028951082,0
84,apr_run5_5_95,0.413421991,0.41537374,0.417481728,0.452329455,0.400851374,0.325656752,0.177475764,0
85,apr_run5_6_96,0.382096903,0.379442647,0.398817012,0.422183638,0.378423648,0.296789425,0.191751618,0
86,apr_run6_1_99,0.215063844,0.207168259,0.233181064,0.178519538,0.236966813,0.158684006,0.070652494,0.030060476
87,apr_run6_10_108,0.223429844,0.261219205,0.192354815,0.224937808,0.242021712,0.117673484,0.120371564,0.028127646
88,apr_run6_2_100,0.207343382,0.190374695,0.222313257,0.175725534,0.232348067,0.147144218,0.058552245,0
89,apr_run6_3_101,0.1908437,0.173206727,0.204604041,0.244102383,0.177440648,0.210631493,0.182245364,0.03108415
90,apr_run6_4_102,0.183068675,0.166474564,0.197147706,0.22748524,0.180376909,0.20835503,0.171923848,0.001702346
91,apr_run6_5_103,0.843044433,0.856178143,0.703619201,0.637124656,0.730469656,0.777303047,0.608871949,0.137361056
92,apr_run6_6_104,0.784788971,0.792194122,0.663238754,0.604208738,0.693589211,0.72794324,0.600200707,0.123109966
93,apr_run6_9_107,0.228118689,0.271911587,0.199563268,0.229213656,0.241852232,0.131125653,0.103544822,0.02761385
94,apr_run7_1_109,0.31926007,0.352296129,0.336572,0.291569566,0.350892314,0.20547905,0.138313539,0
95,apr_run7_10_118,0.777556977,0.76895432,0.806938541,0.827068808,0.786898613,0.61104163,0.829481749,0.509590706
96,apr_run7_2_110,0.311255934,0.341958748,0.325745244,0.283546865,0.332501997,0.216397637,0.202271199,0
97,apr_run7_6_114,0.169400819,0.19431597,0.169002695,0.179244826,0.177342696,0.118000696,0.119413865,0
98,apr_run7_7_115,0.325477862,0.309059687,0.351322989,0.349408049,0.344310584,0.239896302,0.165210561,0
99,apr_run7_8_116,0.315467912,0.301433014,0.341577315,0.334610738,0.333594842,0.231321212,0.156046895,0
100,apr_run7_9_117,0.811551169,0.794450047,0.835338534,0.833519002,0.810470153,0.651779937,0.798982568,0.465807296
101,apr_run8_1_119,0.264704038,0.283749572,0.240462091,0.240336733,0.23724212,0.21035346,0.155378957,0.063253826
102,apr_run8_10_128,0.209109752,0.226042784,0.21017486,0.215542236,0.213135107,0.157272474,0.082536234,0.077778207
103,apr_run8_2_120,0.242292298,0.262909322,0.221310612,0.232147541,0.223799492,0.185580675,0.123176177,0.067558335
104,apr_run8_3_121,0.271150772,0.273703016,0.252313008,0.314878972,0.245868733,0.247065507,0.20642571,0.023041875
105,apr_run8_4_122,0.250713033,0.259938576,0.239411845,0.299879796,0.234049,0.234805571,0.180306675,0.024586733
106,apr_run8_5_123,0.429339515,0.426871232,0.417147806,0.469305186,0.416136328,0.336437647,0.291789647,0.029882597
107,apr_run8_6_124,0.415106894,0.413660507,0.404518835,0.458171065,0.405637164,0.319378238,0.271900572,0.03539437
108,apr_run8_7_125,0.209134723,0.254947133,0.171399828,0.195461467,0.211713023,0.158977428,0.094010857,0.035059819
109,apr_run8_8_126,0.199881087,0.247133172,0.16777797,0.196981846,0.203352754,0.141313426,0.083820792,0.00679042
110,apr_run8_9_127,0.216404547,0.235954368,0.214593368,0.221989564,0.217372764,0.162583727,0.101870222,0.06202256
111,apr_run9_1_129,0.380077032,0.374904379,0.366317176,0.347327605,0.35469508,0.376852717,0.348946484,0.140223706
112,apr_run9_10_138,0.955339372,0.987324911,0.84691827,0.739655634,0.902971234,0.761495988,0.648345038,0.231479378
113,apr_run9_2_130,0.364925875,0.363724854,0.360546542,0.350803251,0.342489618,0.337365912,0.338113265,0.153286389
114,apr_run9_3_131,0.138388441,0.138263648,0.146800129,0.159543227,0.131512975,0.134534463,0.134089349,0.098199436
115,apr_run9_4_132,0.133372729,0.133046523,0.143193827,0.156989976,0.127607884,0.126476176,0.127932782,0.077233207
116,apr_run9_5_133,0.200758365,0.198969269,0.218173467,0.186905472,0.204833532,0.169692961,0.217977721,0.302781621
117,apr_run9_6_134,0.188328029,0.189637638,0.206521487,0.178477011,0.195602531,0.153042815,0.208422523,0.271775218
118,apr_run9_9_137,1.023779102,1.045669927,0.89776165,0.76653017,0.944963957,0.843172619,0.683333007,0.229392837
119,may_run1_1_1,0.368424913,0.391199866,0.381473453,0.398477383,0.372227583,0,7.32E-21,0.006140244
120,may_run1_2_2,0.356582272,0.377795441,0.364507967,0.378689632,0.361317935,0,1.05E-20,0
121,may_run1_3_3,0.625674159,0.584397362,0.601236344,0.823116298,0.513202057,0.498192057,0.115923663,0.205962131
122,may_run1_4_4,0.602873855,0.562789901,0.580047267,0.797673764,0.503382496,0.46050599,0.098057165,0.166836121
123,may_run1_5_5,0.191896676,0.180353481,0.208315319,0.271448139,0.165921577,0,2.44E-20,0.045788813
124,may_run1_6_6,0.18648506,0.17160939,0.196278834,0.259521313,0.16341909,0,3.01E-20,0.047183607
125,may_run1_7_7,0.342759318,0.32910152,0.345638357,0.445325702,0.290562486,0.05647862,0,0.026640529
126,may_run1_8_8,0.328526689,0.315981725,0.330327725,0.425386405,0.286239533,0.038177029,1.77E-22,0
127,may_run10_10_20,0.163384536,0.171836014,0.159444676,0.183491594,0.169723946,0.118459758,0.091436778,0.022252462
128,may_run10_3_13,0.345576752,0.335234578,0.340052053,0.406500369,0.297142193,0.298063022,0.239093081,0.069819964
129,may_run10_4_14,0.331658769,0.324299953,0.329104622,0.391057016,0.29131004,0.284124409,0.225352825,0.069723612
130,may_run10_5_15,0.271911092,0.236506828,0.27654741,0.276564581,0.247386555,0.302914384,0.260071237,0.071974923
131,may_run10_6_16,0.260440415,0.23194087,0.267329145,0.26193643,0.23878432,0.29590183,0.246255965,0.080890826
132,may_run10_7_17,0.671081853,0.642095682,0.541939237,0.632160974,0.483699116,0.773017315,0.641070236,0.186788319
133,may_run10_8_18,0.638647116,0.616767913,0.524922543,0.611042181,0.462788569,0.732071909,0.60441395,0.173617163
134,may_run10_9_19,0.172236479,0.1771617,0.16468636,0.187602963,0.176040728,0.125728848,0.090093342,0.040103189
135,may_run11_1_21,0.260037083,0.268421926,0.236824628,0.30387993,0.231274528,0.252759625,0.247511139,0.079340551
136,may_run11_10_30,0.188714596,0.175474119,0.193506139,0.225286896,0.166866777,0.217388891,0.216145043,0.075702505
137,may_run11_2_22,0.249512275,0.254833358,0.230427751,0.293723851,0.224277831,0.23847159,0.252132541,0.045318582
138,may_run11_3_23,0.408426473,0.355110571,0.413802,0.432097168,0.343236603,0.508989574,0.58988431,0.579151828
139,may_run11_4_24,0.389288931,0.339423979,0.394142443,0.410522131,0.331517322,0.473410998,0.569461707,0.564799363
140,may_run11_5_25,0.441470567,0.486120594,0.343322871,0.434785285,0.386907548,0.35118605,0.32607181,0.023966842
141,may_run11_6_26,0.420531571,0.465299667,0.330843398,0.416956327,0.369786744,0.336955767,0.321968556,0.032266462
142,may_run11_7_27,0.383894521,0.413309227,0.369819271,0.347508478,0.40458274,0.260539138,0.261660441,0.043752516
143,may_run11_8_28,0.367671611,0.403514798,0.359772392,0.324064273,0.390563403,0.273290137,0.351955638,0.013203952
144,may_run11_9_29,0.195431973,0.183705941,0.194581899,0.231201809,0.171850473,0.226441214,0.223767384,0.08563315
145,may_run12_1_31,0.113834589,0.102337763,0.122282894,0.145699415,0.106545954,0,8.36E-21,0.044811725
146,may_run12_10_40,0.177006427,0.168236153,0.193720534,0.211526499,0.186103208,0.025556044,0,0.021240142
147,may_run12_2_32,0.109485826,0.101993941,0.121690445,0.139865762,0.107423695,0,2.72E-21,0.02136194
148,may_run12_3_33,0.177230055,0.152566345,0.203860198,0.165692504,0.186210221,0.045604441,0,0.106749436
149,may_run12_4_34,0.169500804,0.151743237,0.196892107,0.143037332,0.185123911,0.110533906,0.112802194,0.161483981
150,may_run12_5_35,0.301041194,0.356756375,0.274100691,0.306990857,0.312129762,0.092085414,0,0.031897777
151,may_run12_6_36,0.285147433,0.342058015,0.262760348,0.29998744,0.2934437,0.076358277,0,0.022114979
152,may_run12_9_39,0.18300505,0.177478987,0.197312894,0.211145155,0.18739036,0.036084078,0,0.013787945
153,may_run13_1_41,0.253238291,0.30746305,0.189684721,0.236779606,0.234433266,0.200469479,0.161131848,0.014245666
154,may_run13_10_50,0.495755657,0.480149881,0.490255935,0.420192865,0.510784396,0.483217317,0.684376191,0.149081049
155,may_run13_2_42,0.245122766,0.292257311,0.183368825,0.231084851,0.229815702,0.19387424,0.160357111,0.004245023
156,may_run13_3_43,0.634486409,0.593891733,0.598023997,0.748859461,0.55038622,0.699171927,0.605505359,0.095728818
157,may_run13_4_44,0.615335986,0.586232485,0.587212614,0.738509246,0.540508405,0.677147331,0.613423633,0.130448562
158,may_run13_5_45,0.368089474,0.33833736,0.386982106,0.388287776,0.356955896,0.338942601,0.286110015,0.103679102
159,may_run13_6_46,0.360069477,0.332905904,0.369830432,0.385241251,0.364262318,0.324550456,0.289280798,0.101111343
160,may_run13_7_47,0.361002501,0.405294071,0.300881566,0.288616243,0.361539666,0.275326622,0.244007534,0.092617017
161,may_run13_8_48,0.345400594,0.401500633,0.291769827,0.28066956,0.342487138,0.265412639,0.240831362,0.038559163
162,may_run13_9_49,0.511743218,0.488673954,0.505856514,0.414985415,0.541029041,0.49182561,0.618794358,0.118755978
163,may_run14_1_51,0.257207424,0.248324136,0.2632174,0.282585768,0.255637934,0.14774923,0.039062989,0.037083074
164,may_run14_2_52,0.24540888,0.242081696,0.251367091,0.279113169,0.24617768,0.130305792,0.039344201,0.025805036
165,may_run14_3_53,0.355570957,0.438989553,0.26999008,0.324742166,0.345667315,0.141761235,0.00419404,0.005023885
166,may_run14_4_54,0.332090972,0.422076803,0.255729246,0.314006823,0.326971769,0.132055384,0,0.008862877
167,may_run2_1_57,0.392109231,0.474954812,0.287955006,0.340618812,0.360648423,0.251581119,0.219793866,0.10311601
168,may_run2_10_66,0.231807286,0.272307604,0.170485496,0.223215274,0.206822755,0.164540698,0.127859289,0.088037057
169,may_run2_2_58,0.375585651,0.459172241,0.281600726,0.333632035,0.346408968,0.241463351,0.206226089,0.058179813
170,may_run2_3_59,0.200970116,0.1974543,0.203775688,0.207545916,0.198269482,0.164645623,0.148799613,0.130604807
171,may_run2_4_60,0.184322524,0.185334042,0.190153389,0.200384666,0.184186447,0.142144138,0.14343859,0.054276729
172,may_run2_5_61,0.182770158,0.195064587,0.168568903,0.193453814,0.188436587,0.131731387,0.136370931,0.107211052
173,may_run2_6_62,0.190202321,0.199483472,0.176216631,0.197528568,0.191790417,0.132444296,0.130906327,0.08177829
174,may_run2_9_65,0.240660401,0.282651402,0.180976195,0.228736442,0.207299931,0.166845109,0.133805852,0.022694971
175,may_run3_1_67,0.393641434,0.344735559,0.400437936,0.412692533,0.335368854,0.474345534,0.554205045,0.646822378
176,may_run3_10_76,0.6161949,0.595484695,0.505607032,0.572216662,0.462830435,0.705671757,0.58544779,0.178849726
177,may_run3_2_68,0.377083078,0.335691559,0.388534907,0.400574345,0.320542647,0.455353819,0.530977442,0.626358018
178,may_run3_3_69,0.26860645,0.263807087,0.27417885,0.289963256,0.25765559,0.236011501,0.194275044,0.102725208
179,may_run3_4_70,0.259940795,0.25130518,0.260765768,0.280624541,0.249047021,0.226447051,0.175764927,0.094639706
180,may_run3_5_71,0.293135854,0.272521574,0.278444437,0.28542719,0.252285222,0.30013423,0.248037412,0.094831261
181,may_run3_6_72,0.282893094,0.260515014,0.271533204,0.279721303,0.242272021,0.289343079,0.231508686,0.089450113
182,may_run3_7_73,0.342620856,0.309228441,0.350629703,0.363502458,0.332836523,0.297329224,0.24698634,0.15773278
183,may_run3_8_74,0.3311226,0.301102082,0.339153601,0.356340953,0.32686879,0.285405155,0.23571949,0.124137724
184,may_run3_9_75,0.647080559,0.617651541,0.52263023,0.586061898,0.476125195,0.751643759,0.614949934,0.18605761
185,may_run4_1_77,0.103865472,0.092175888,0.111798539,0.111491916,0.104119777,0.114470745,0.109174906,0.125663416
186,may_run4_10_86,0.309434355,0.357858019,0.261759903,0.255787135,0.303768989,0.226998272,0.213970277,0.103653768
187,may_run4_2_78,0.097077355,0.090026406,0.107319189,0.110045898,0.097680966,0.102660825,0.102259392,0.076487907
188,may_run4_3_79,0.272235645,0.321925751,0.240042456,0.266799316,0.281874677,0.182888779,0.165895834,0.091314081
189,may_run4_4_80,0.262606941,0.311542189,0.23172298,0.259247417,0.272130706,0.179813785,0.167876477,0.074799936
190,may_run4_7_83,0.422730282,0.405344669,0.420352988,0.386650218,0.431996169,0.361208917,0.307480933,0.090957544
191,may_run4_8_84,0.402556079,0.388855963,0.403484982,0.38198765,0.408958385,0.335348543,0.29158757,0.07691043
192,may_run4_9_85,0.320590014,0.361655359,0.266696925,0.263949521,0.307732666,0.235953261,0.217766095,0.067627204
193,may_run5_1_87,0.238370107,0.251616775,0.228467682,0.282621601,0.210411505,0.22631968,0.21603942,0.059472376
194,may_run5_10_96,0.171089375,0.174450665,0.180353575,0.212934217,0.156377731,0.193674922,0.192520918,0.095151801
195,may_run5_2_88,0.229423275,0.247806761,0.222001291,0.282544489,0.204721508,0.217761788,0.207190513,0.012320914
196,may_run5_3_89,0.395853284,0.445286861,0.317782937,0.395731298,0.354145668,0.302379567,0.294264838,0.070978945
197,may_run5_4_90,0.383635973,0.43621159,0.310111519,0.391504024,0.344079532,0.288709313,0.290346141,0.055589025
198,may_run5_5_91,0.256473329,0.25866395,0.263085946,0.267858041,0.253181053,0.224142892,0.235397646,0.097717882
199,may_run5_6_92,0.249286938,0.245162951,0.253877619,0.263328529,0.243989366,0.20888499,0.235709526,0.087871058
200,may_run5_7_93,0.584148617,0.55512447,0.558230585,0.696006063,0.502411484,0.637391382,0.566070017,0.139451894
201,may_run5_8_94,0.563934202,0.537216862,0.541787567,0.684937929,0.492588083,0.610581498,0.542225923,0.116215703
202,may_run5_9_95,0.178526018,0.17897945,0.187258798,0.216537321,0.160302492,0.197096116,0.205603758,0.098159315
203,may_run6_1_97,0.636879385,0.611946353,0.519125384,0.545587003,0.47498171,0.739068853,0.627141075,0.207666154
204,may_run6_10_106,0.446165888,0.43708026,0.448909911,0.414296726,0.467175307,0.385472057,0.313389391,0.059182495
205,may_run6_2_98,0.603138518,0.588780768,0.500288822,0.551111874,0.460438615,0.717659653,0.593592474,0.146510025
206,may_run6_3_99,0.288577996,0.345991812,0.258533472,0.272177731,0.301639236,0.212391002,0.193525932,0.073752559
207,may_run6_4_100,0.279937643,0.334858533,0.24933286,0.270123853,0.294689861,0.195679821,0.193808454,0.079173876
208,may_run6_7_103,0.328976252,0.382304983,0.280805204,0.255641372,0.323827962,0.265654998,0.225328824,0.151659277
209,may_run6_8_104,0.318954816,0.364872664,0.270144298,0.259481769,0.32030695,0.248329033,0.226318988,0.125253982
210,may_run6_9_105,0.462455836,0.450723352,0.468245016,0.424233255,0.476304156,0.401379339,0.329282268,0.063985376
211,may_run7_1_107,0.175007953,0.173637601,0.176611051,0.171083227,0.180291304,0.160346054,0.144198462,0.13001009
212,may_run7_10_116,0.31170927,0.307591017,0.301308626,0.346193942,0.296234758,0.280985058,0.29990888,0.007753786
213,may_run7_2_108,0.166681378,0.164171056,0.167781089,0.168055951,0.173558354,0.140498498,0.148616498,0.086968956
214,may_run7_3_109,0.232775143,0.270937242,0.172082231,0.214877348,0.226444446,0.175351283,0.139369812,0.016235775
215,may_run7_4_110,0.22315883,0.264233823,0.166428949,0.202986156,0.215963267,0.168017261,0.161587297,0.006087469
216,may_run7_5_111,0.412952434,0.457224098,0.322764248,0.401006471,0.378436789,0.315054756,0.291682379,0.024319882
217,may_run7_6_112,0.389561683,0.438472953,0.309486611,0.394210823,0.358244703,0.299762065,0.264960717,0.008828038
218,may_run7_9_115,0.3262226,0.322901365,0.316296486,0.356574745,0.298283144,0.298283784,0.304747286,0.017477898
219,may_run8_1_117,0.288777485,0.26528486,0.283053773,0.281815152,0.264118712,0.288785319,0.248798485,0.014689207
220,may_run8_10_126,0.169463401,0.188491381,0.159450562,0.176878257,0.178892931,0.118693091,0.078142559,0.007787615
221,may_run8_2_118,0.279154775,0.267027525,0.275647454,0.269988451,0.259155533,0.290233958,0.325450224,0.037532396
222,may_run8_3_119,0.251115525,0.255315323,0.232672258,0.300513374,0.231048269,0.228918606,0.16079416,0
223,may_run8_4_120,0.238795728,0.248957162,0.225629698,0.295227313,0.221170119,0.205927989,0.161064766,0.004513421
224,may_run8_5_121,0.337196557,0.307524544,0.353157678,0.366096626,0.342314997,0.272551044,0.238881267,0.077357611
225,may_run8_6_122,0.327480641,0.306507584,0.346089589,0.351475136,0.336437331,0.271656106,0.243429226,0.115198646
226,may_run8_7_123,0.364882561,0.450926279,0.278084269,0.316736542,0.351965025,0.238770143,0.180227643,0.039082846
227,may_run8_8_124,0.344292687,0.428515798,0.262505992,0.297452043,0.336191011,0.223045924,0.185833129,0.013357572
228,may_run8_9_125,0.176692711,0.193331664,0.166633669,0.179817038,0.183818695,0.122970793,0.088724757,0
229,may_run9_10_136,0.126750047,0.119449963,0.135558988,0.152151116,0.130936062,0.108525121,0.072594388,0.015521942
230,may_run9_3_129,0.166024808,0.150702562,0.190601153,0.147400921,0.178033494,0.14045319,0.085538772,0
231,may_run9_4_130,0.160185411,0.147240595,0.184259475,0.146509382,0.172640424,0.137133214,0.087241775,0
232,may_run9_5_131,0.396585471,0.35591449,0.4146837,0.430576395,0.347659179,0.47163679,0.533228809,0.494820433
233,may_run9_6_132,0.388091601,0.34398974,0.399291393,0.418532854,0.340081253,0.452282871,0.523194936,0.460843273
234,may_run9_7_133,0.363224304,0.385579279,0.367579324,0.340062819,0.390187167,0.23411735,0.222982456,0
235,may_run9_8_134,0.35356942,0.378096752,0.353407216,0.327006601,0.386392553,0.228761534,0.218250242,0
236,may_run9_9_135,0.12840485,0.126286915,0.140115096,0.151291764,0.125694222,0.115105267,0.087876477,0
237,aug_run1_1_1,0.200440893,0.184919208,0.199683065,0.238214913,0.174124812,0.163695747,0.145922909,0.152482431
238,aug_run1_2_2,0.187804649,0.175701674,0.193425525,0.219878957,0.167310183,0.164356747,0.131442648,0.122578576
239,aug_run1_3_3,0.425521464,0.394924039,0.40568314,0.465142251,0.375927171,0.373073412,0.248526932,0.092927685
240,aug_run1_4_4,0.404204281,0.377694558,0.389675659,0.442119784,0.356287845,0.350475951,0.255984595,0.097949511
241,aug_run1_5_5,0.256765707,0.229191198,0.249571109,0.233594914,0.214784096,0.2647107,0.213279797,0.197300089
242,aug_run1_6_6,0.247048655,0.219163195,0.240120029,0.211671873,0.210831148,0.298921108,0.444607602,0.218567937
243,aug_run1_7_7,0.265185021,0.27550769,0.23636902,0.289640092,0.225812489,0.213509837,0.166317553,0.283702445
244,aug_run1_8_8,0.256196226,0.266888885,0.228799476,0.269765332,0.225346513,0.213858868,0.186189347,0.238132107
245,aug_run10_1_11,0.159649172,0.134278038,0.16315212,0.111703016,0.15662334,0.208513651,0.191548049,0.291792285
246,aug_run10_2_12,0.154156885,0.131480636,0.156838177,0.106714697,0.153050038,0.205904024,0.200423259,0.239692933
247,aug_run10_3_13,0.085022171,0.075931101,0.083847073,0.051098133,0.086839906,0.124640158,0.145176378,0.320596992
248,aug_run10_4_14,0.081108231,0.07543422,0.082808656,0.048400497,0.083225578,0.126813269,0.140378323,0.281432072
249,aug_run10_5_15,0.110231981,0.10221228,0.097759773,0.076825078,0.103970249,0.135253224,0.160874838,0.642847686
250,aug_run10_6_16,0.105881171,0.094744082,0.094847188,0.077895603,0.099767641,0.133365307,0.139586736,0.581922821
251,aug_run10_7_17,0.27355448,0.283185129,0.268433239,0.205653007,0.28222679,0.248715937,0.210758671,0.238949843
252,aug_run10_8_18,0.266591042,0.269058166,0.260399375,0.20516771,0.274695743,0.236662971,0.209966936,0.206990228
253,aug_run11_1_20,0.212278149,0.208368948,0.182846047,0.179152135,0.162463692,0.223448266,0.157754569,0.153444335
254,aug_run11_10_29,0.172397689,0.15410009,0.176399851,0.120190207,0.152279095,0.237642866,0.205104139,0.577018462
255,aug_run11_2_21,0.20706171,0.199881523,0.179084394,0.172516929,0.15656532,0.21075647,0.16623112,0.149331615
256,aug_run11_5_24,0.242708142,0.231651555,0.239205649,0.283455982,0.202011531,0.242172342,0.183121977,0.14590776
257,aug_run11_6_25,0.22710795,0.215882446,0.224066127,0.26235971,0.189158233,0.22344427,0.170106944,0.139262428
258,aug_run11_7_26,0.092460484,0.097937934,0.089721016,0.065471725,0.084339352,0.135503993,0.124850346,0.409564772
259,aug_run11_8_27,0.090714911,0.095536635,0.085207577,0.057254687,0.083287874,0.136550306,0.115975653,0.420722211
260,aug_run11_9_28,0.178251186,0.159030156,0.177908462,0.124975436,0.161250651,0.242514071,0.22559518,0.566930772
261,aug_run12_1_31,0.262798032,0.272421365,0.227163024,0.291156993,0.213214883,0.260271033,0.227814329,0.218663906
262,aug_run12_10_40,0.222342162,0.220156562,0.181787069,0.215664643,0.172168498,0.22850846,0.179006283,0.233090121
263,aug_run12_2_32,0.253395617,0.269306027,0.219757504,0.284044234,0.206639589,0.256298708,0.221345894,0.210559528
264,aug_run12_3_33,0.402975937,0.353034819,0.385393032,0.44573464,0.320180502,0.498321113,0.433753439,0.226489811
265,aug_run12_4_34,0.379854618,0.332183262,0.36740766,0.434209858,0.302497921,0.459478689,0.404919403,0.244851564
266,aug_run12_5_35,0.123371626,0.116806148,0.113813836,0.097636898,0.107717375,0.155965891,0.180967201,0.615347828
267,aug_run12_6_36,0.118969035,0.116619497,0.111435433,0.089145201,0.104886695,0.165008519,0.164917586,0.592028715
268,aug_run12_9_39,0.22885603,0.225074737,0.18542052,0.22260001,0.17932699,0.235668757,0.172207149,0.239319378
269,aug_run13_1_41,0.598443535,0.509134407,0.583880764,0.840700114,0.437722342,0.870400464,0.675752625,0.292811083
270,aug_run13_10_50,0.236320338,0.222307815,0.19754488,0.210191878,0.180390868,0.254968236,0.220369703,0.184298123
271,aug_run13_2_42,0.578652373,0.49903529,0.57629161,0.824291352,0.424475503,0.84636112,0.680257853,0.204923524
272,aug_run13_3_43,0.176817887,0.173711086,0.165392587,0.188707594,0.162277846,0.196644464,0.180679241,0.218896066
273,aug_run13_4_44,0.170896702,0.169636051,0.164380401,0.193171873,0.154003037,0.182032207,0.188464795,0.185958135
274,aug_run13_5_45,0.268278765,0.247546466,0.279110478,0.200201328,0.236216239,0.353805651,0.316284159,0.399742306
275,aug_run13_6_46,0.260862106,0.240139285,0.264685354,0.190479254,0.231900379,0.346724743,0.314445038,0.373692417
276,aug_run13_7_47,0.678968752,0.599302041,0.622902648,0.837278364,0.477036521,0.932906461,0.738243734,0.279872616
277,aug_run13_8_48,0.654940743,0.582710602,0.605122701,0.806780671,0.467944071,0.902175462,0.718722388,0.222747735
278,aug_run13_9_49,0.241791694,0.226948953,0.208232189,0.223413825,0.184424973,0.257061804,0.216022285,0.221572821
279,aug_run14_1_51,0.320196845,0.27301218,0.327418485,0.281190694,0.298184223,0.419071026,0.440388645,0.419863218
280,aug_run14_10_60,0.226986267,0.207136262,0.22429394,0.25518653,0.183702519,0.254324852,0.227492944,0.221398202
281,aug_run14_2_52,0.314042273,0.261804365,0.319705093,0.274759856,0.293977699,0.410307493,0.402139646,0.474090867
282,aug_run14_3_53,0.357655233,0.37383626,0.346254103,0.270954715,0.352661693,0.342372341,0.295648448,0.269143031
283,aug_run14_4_54,0.346319789,0.36189909,0.338215998,0.264361659,0.341400962,0.334401571,0.283659101,0.212647859
284,aug_run14_7_57,0.177056796,0.132458042,0.223300285,0.144010403,0.183607658,0.204760196,0.17550705,0.326849649
285,aug_run14_8_58,0.173068537,0.127677885,0.218828219,0.14239543,0.177177588,0.200483647,0.167925874,0.293175652
286,aug_run14_9_59,0.234636223,0.214231524,0.231414261,0.259948268,0.193710041,0.268873084,0.219331701,0.238381411
287,aug_run15_1_61,0.417584755,0.380834873,0.381889367,0.446582982,0.345355638,0.434429394,0.313822809,0.18258375
288,aug_run15_2_62,0.404166161,0.370910592,0.369028635,0.433649084,0.33998016,0.421614054,0.306662808,0.155296717
289,aug_run15_3_63,0.279863151,0.243067014,0.271308588,0.253469717,0.221000292,0.335807127,0.280192332,0.277955357
290,aug_run15_4_64,0.273144848,0.237118819,0.262680156,0.244995929,0.217244601,0.326857696,0.273930972,0.255212968
291,aug_run2_1_65,0.296828214,0.251779026,0.297482077,0.244159397,0.284407195,0.369874793,0.536983204,0.643193496
292,aug_run2_10_74,0.111106448,0.101371158,0.109915005,0.073264445,0.097302982,0.185136962,0.439112987,0.939099016
293,aug_run2_2_66,0.284183125,0.246195241,0.288830749,0.218400486,0.273876831,0.375254221,0.607722761,0.827677734
294,aug_run2_3_67,0.164876813,0.113854618,0.205008434,0.139238807,0.17152309,0.158921111,0.154489284,0.225320409
295,aug_run2_4_68,0.156381625,0.113787887,0.19230544,0.1324962,0.170833631,0.157039945,0.156416162,0.208595275
296,aug_run2_5_69,0.411738994,0.352245595,0.398101739,0.471633234,0.342810874,0.476939382,0.457024117,0.267232171
297,aug_run2_6_70,0.393520626,0.342731453,0.385866561,0.454587316,0.327621813,0.454241179,0.444509318,0.259635491
298,aug_run2_7_71,0.572837735,0.48997052,0.575008846,0.813979245,0.434224692,0.832624814,0.677258987,0.28173289
299,aug_run2_8_72,0.550451254,0.475098886,0.557609448,0.786624043,0.422019031,0.805205986,0.704953882,0.382495734
300,aug_run3_1_75,0.319493825,0.337055651,0.312817114,0.257160926,0.324230564,0.283825449,0.257405125,0.022888244
301,aug_run3_10_84,0.224503454,0.211594397,0.200126223,0.216671348,0.179514146,0.241906575,0.207754624,0.084282169
302,aug_run3_2_76,0.292900123,0.305725047,0.288722582,0.237717329,0.302499981,0.246920743,0.228606953,0.054776297
303,aug_run3_5_79,0.251691859,0.231000323,0.259917543,0.189336418,0.225841429,0.318902147,0.300726635,0.209529188
304,aug_run3_6_80,0.243090242,0.219529667,0.25011589,0.183691443,0.223052831,0.309233728,0.292701953,0.197795446
305,aug_run3_7_81,0.756669278,0.702489561,0.603036117,0.685247443,0.531535319,0.93443895,0.758510206,0.159385888
306,aug_run3_8_82,0.734956184,0.678988793,0.589559682,0.669074962,0.514495682,0.910827329,0.741445661,0.177544426
307,aug_run3_9_83,0.232200713,0.212239257,0.198730102,0.208936423,0.18771075,0.243068826,0.230489647,0.078707018
308,aug_run4_1_85,0.08936649,0.093651175,0.080353711,0.065361255,0.092371178,0.131222995,0.172217483,0.226851867
309,aug_run4_10_94,0.236585566,0.224613271,0.238093199,0.267707195,0.212883921,0.258643194,0.207428523,0.096488072
310,aug_run4_2_86,0.086635215,0.088581487,0.079192431,0.055767005,0.08800637,0.147629404,0.142871965,0.220771404
311,aug_run4_3_87,0.219673084,0.217962567,0.183664525,0.205759109,0.179118248,0.233760029,0.203812593,0.231731332
312,aug_run4_4_88,0.208252165,0.207587725,0.172847402,0.194017792,0.176294552,0.226103497,0.204652983,0.187710733
313,aug_run4_5_89,0.220047946,0.217742686,0.200533089,0.178682103,0.187999212,0.244530315,0.167844263,0.124079077
314,aug_run4_6_90,0.214329292,0.209061062,0.191867482,0.173184324,0.182869819,0.232790055,0.187402638,0.127513948
315,aug_run4_7_91,0.120306453,0.118084901,0.10953077,0.085524659,0.117066911,0.169744286,0.187406435,0.590012551
316,aug_run4_8_92,0.118046305,0.113085663,0.10508075,0.084415044,0.111740224,0.165971451,0.183947248,0.610003948
317,aug_run4_9_93,0.246526976,0.230585961,0.241847247,0.281791525,0.220287088,0.25315705,0.191065855,0.135173469
318,aug_run5_1_95,0.141541083,0.122414833,0.127554922,0.12722866,0.133638813,0.148013854,0.11885763,0.217382499
319,aug_run5_2_96,0.134400436,0.11336689,0.126746688,0.126779668,0.125157833,0.146177467,0.098949903,0.170060031
320,aug_run5_3_97,0.178165726,0.14479785,0.186925467,0.117739932,0.169819405,0.25102955,0.249961087,0.323882996
321,aug_run5_4_98,0.179249679,0.136867241,0.185443327,0.116240805,0.175431945,0.257700217,0.248138237,0.331814297
322,aug_run6_10_108,0.551729688,0.476749644,0.55130898,0.807423525,0.415946709,0.789688858,0.630399052,0.224865432
323,aug_run6_3_101,0.264419608,0.263262002,0.229103123,0.291426822,0.214467235,0.258147249,0.267613124,0.455000027
324,aug_run6_4_102,0.252000643,0.249849685,0.219484851,0.274110466,0.206271231,0.254206247,0.256212157,0.412837732
325,aug_run6_5_103,0.419072957,0.368899555,0.405923415,0.490232126,0.334462331,0.489042145,0.433008698,0.337957143
326,aug_run6_6_104,0.398864109,0.349648169,0.383538346,0.469724964,0.323803636,0.459120598,0.424650183,0.289776227
327,aug_run6_7_105,0.154075224,0.11767913,0.196626259,0.144196582,0.158156006,0.151351889,0.134090385,0.260108596
328,aug_run6_8_106,0.154945951,0.121089221,0.197440953,0.159010031,0.153997657,0.150113342,0.131710903,0.256351146
329,aug_run6_9_107,0.566775862,0.493372077,0.572661832,0.828731978,0.420968486,0.811385249,0.653964749,0.271088589
330,aug_run7_1_110,0.096223807,0.078375488,0.105907293,0.087531402,0.08012988,0.12192411,0.138491218,0.213948128
331,aug_run7_10_119,0.288183873,0.24384492,0.290189281,0.243564103,0.282474765,0.364949433,0.388283591,0.29749761
332,aug_run7_2_111,0.091629249,0.073230407,0.103555791,0.076266838,0.075241461,0.136716523,0.189852131,0.281659307
333,aug_run7_3_112,0.246333551,0.203169369,0.247882079,0.193741963,0.199127588,0.309735112,0.289826552,0.353101486
334,aug_run7_4_113,0.237861358,0.193738249,0.239611284,0.189006549,0.197805448,0.3074258,0.291514661,0.282600376
335,aug_run7_7_116,0.399900871,0.368084676,0.383549158,0.423979229,0.346251338,0.406727414,0.324470587,0.134724634
336,aug_run7_8_117,0.380401545,0.353868603,0.369967907,0.406776104,0.326066779,0.388960645,0.321236098,0.152564279
337,aug_run7_9_118,0.301768994,0.249552748,0.302674401,0.256797711,0.292664717,0.375859043,0.404744747,0.31116695
338,aug_run8_1_121,0.208539724,0.208300427,0.192715848,0.180878878,0.17961064,0.224996702,0.17939614,0.15242521
339,aug_run8_10_130,0.184605334,0.181198181,0.169766642,0.184484666,0.152320141,0.19057792,0.183855753,0.192320492
340,aug_run8_2_122,0.191880984,0.194560982,0.183617722,0.169760688,0.163292008,0.215537303,0.170185566,0.167929988
341,aug_run8_5_125,0.188471024,0.188951198,0.19240989,0.224514678,0.163877293,0.213788465,0.181304369,0.13303027
342,aug_run8_6_126,0.182875451,0.181495748,0.187237073,0.210318191,0.161873707,0.22018304,0.303691675,0.20342473
343,aug_run8_9_129,0.192365635,0.190566823,0.172159884,0.183928552,0.162124402,0.199669058,0.195393973,0.242836623
344,aug_run9_10_141,0.231463314,0.232183246,0.195315346,0.224551277,0.196051335,0.242639839,0.215284269,0.240438523
345,aug_run9_3_134,0.255100506,0.227758665,0.253738071,0.180618646,0.236737456,0.333114523,0.296292179,0.338522616
346,aug_run9_4_135,0.24590162,0.224353782,0.250556884,0.184172918,0.227636263,0.32736099,0.276561383,0.321326849
347,aug_run9_5_136,0.763883416,0.71570025,0.612395416,0.680204916,0.541636315,0.936804693,0.710493465,0.203721993
348,aug_run9_6_137,0.730217519,0.687884074,0.593562371,0.64127324,0.523919318,0.910917787,0.71086797,0.239459471
349,aug_run9_7_138,0.258121411,0.244724181,0.250955589,0.298350029,0.231956187,0.273934956,0.212740193,0.140251268
350,aug_run9_8_139,0.253454095,0.237495584,0.247713025,0.298344334,0.2283363,0.266546578,0.22014319,0.150263302
351,aug_run9_9_140,0.238109678,0.235296628,0.200584942,0.231331088,0.197320758,0.251553696,0.212161907,0.250371612
352,dec_run1_1_1,0.152677271,0.12546985,0.192425003,0.239180971,0.1570361,0.243635621,0.09988345,0.080051957
353,dec_run1_10_10,0.503929501,0.477215807,0.54480745,0.387301217,0.546255587,0.425732213,0.318652812,0.22169027
354,dec_run1_11_11,0.198170679,0.183017198,0.231726155,0.257217771,0.215012608,0.238126616,0.049401751,0
355,dec_run1_12_12,0.188338575,0.178201791,0.220857175,0.245979846,0.202951603,0.2257959,0.034422086,0
356,dec_run1_2_2,0.149431094,0.118129201,0.183454147,0.221906732,0.150542695,0.244036746,0.083678051,0.064456883
357,dec_run1_5_5,0.230043515,0.175283489,0.252545596,0.285173494,0.216336312,0.358690578,0.257268931,0.337100533
358,dec_run1_6_6,0.220653542,0.172098742,0.247367039,0.283839854,0.210062718,0.3396791,0.24176398,0.307833817
359,dec_run1_7_7,0.226369391,0.243236228,0.234130422,0.151223145,0.260545518,0.150856696,0.003248325,0
360,dec_run1_8_8,0.218568978,0.232514153,0.226344395,0.147198255,0.251865378,0.140093249,0.001887498,0
361,dec_run1_9_9,0.52497458,0.491594678,0.562644229,0.389402219,0.561936073,0.454526351,0.304840388,0.239141829
362,dec_run10_1_13,0.489507809,0.455625233,0.530954126,0.468366476,0.564007655,0.438903372,0.270848291,0
363,dec_run10_10_22,0.655983078,0.753318608,0.54178335,0.358582522,0.685932631,0.514815814,0.36295936,0.07787483
364,dec_run10_11_23,0.266400047,0.264421227,0.290572985,0.30567068,0.285346838,0.269620685,0.229419857,0.059304629
365,dec_run10_12_24,0.257798475,0.260397831,0.284143509,0.29970808,0.277817091,0.256625157,0.240929404,0.055618395
366,dec_run10_2_14,0.473321033,0.438556117,0.509321954,0.450580403,0.54884179,0.418842823,0.268559422,0
367,dec_run10_5_17,0.262557659,0.296504719,0.267317301,0.284149575,0.274660946,0.177677656,0.109572935,0
368,dec_run10_6_18,0.252589153,0.287283966,0.259768516,0.272849235,0.268205814,0.176955798,0.10404236,0
369,dec_run10_7_19,0.217894235,0.250164105,0.229026779,0.223381617,0.247502045,0.15476542,0.068602288,0
370,dec_run10_8_20,0.21180366,0.241622312,0.220311971,0.218965054,0.243136124,0.148209142,0.060540723,0
371,dec_run10_9_21,0.680236847,0.768973713,0.55705792,0.347796827,0.709568495,0.537152768,0.368569952,0.030482924
372,dec_run11_1_25,0.396780887,0.417779229,0.39719144,0.281162225,0.451879328,0.321458877,0.256767843,0.006571631
373,dec_run11_10_34,0.274613831,0.28548769,0.29177717,0.245724329,0.325092619,0.217442738,0.215672535,0
374,dec_run11_11_35,0.397352535,0.468092726,0.349546143,0.335896384,0.423064304,0.287051288,0.226539806,0.001715969
375,dec_run11_12_36,0.379930074,0.449555246,0.337631518,0.329174018,0.406270678,0.275124973,0.209715469,0.002006067
376,dec_run11_2_26,0.387276885,0.408652259,0.384779002,0.271219356,0.442298617,0.317603362,0.286241447,0.003454428
377,dec_run11_4_28,0.265033807,0.276045937,0.270354328,0.231432514,0.301770251,0.21994911,0.147558317,0
378,dec_run11_5_29,0.303438752,0.367675918,0.256473521,0.236581545,0.327126641,0.237916438,0.189580952,0
379,dec_run11_6_30,0.287204239,0.347995922,0.244400316,0.230179311,0.315168136,0.226584788,0.193097912,0
380,dec_run11_9_33,0.281588437,0.292402353,0.299678375,0.254395416,0.331393926,0.227286515,0.205251083,0
381,dec_run12_3_39,0.480441935,0.440633758,0.512576942,0.442476438,0.553160925,0.440089952,0.344388826,0
382,dec_run12_4_40,0.467030059,0.431414381,0.501435878,0.431299725,0.545117678,0.431416991,0.345928169,0
383,dec_run12_5_41,0.346215788,0.289659007,0.369879553,0.493647308,0.29417222,0.724744492,0.831302346,0.456020793
384,dec_run12_6_42,0.336324905,0.282943685,0.361936543,0.4826744,0.293614393,0.712946869,0.811366746,0.450332775
385,dec_run2_1_43,0.904209867,0.887560846,0.852729019,0.642751689,0.872893884,0.901824687,0.842597757,0.490210609
386,dec_run2_11_53,0.233633156,0.244013184,0.235056059,0.148199124,0.267754451,0.192197982,0.178230514,0.074636592
387,dec_run2_12_54,0.214857924,0.227755238,0.2195944,0.139470697,0.249632829,0.178478749,0.179223461,0.068187084
388,dec_run2_2_44,0.874086915,0.863525708,0.821653517,0.623228272,0.852322473,0.881005212,0.801681082,0.475681169
389,dec_run2_3_45,0.396471209,0.405163559,0.40240965,0.351315966,0.430736439,0.358072837,0.310604187,0.196605324
390,dec_run2_4_46,0.382237195,0.398320674,0.391459117,0.345740513,0.419678573,0.342722717,0.309309805,0.160421188
391,dec_run2_5_47,0.409254398,0.40001245,0.384180579,0.547736535,0.581864757,0.446648481,0.42830347,0.517929496
392,dec_run2_6_48,0.402768433,0.39865056,0.377918695,0.546496836,0.576447636,0.418816608,0.424638774,0.505064458
393,dec_run2_7_49,0.073316705,0.069448338,0.086320835,0.091855447,0.077209428,0.096224961,0.067013518,0.109656044
394,dec_run2_8_50,0.071834185,0.069675,0.084251126,0.08910553,0.076229999,0.098348564,0.085901083,0.132231888
395,dec_run3_1_55,0.234334457,0.185630663,0.251835229,0.251375212,0.217748722,0.425913398,0.563262185,0.69642227
396,dec_run3_10_64,0.847502169,0.839462062,0.80066879,0.628660556,0.828560152,0.851590103,0.837338305,0.47693756
397,dec_run3_11_65,0.075988797,0.071414293,0.083104486,0.093624693,0.077499017,0.102626956,0.091869594,0.108415231
398,dec_run3_12_66,0.073753364,0.070968862,0.082439689,0.09355552,0.077686823,0.10693336,0.08705785,0.11737763
399,dec_run3_2_56,0.221004523,0.175180447,0.238825409,0.241222859,0.207386151,0.403281024,0.53567303,0.637302341
400,dec_run3_3_57,0.162829648,0.135832958,0.187809312,0.216492881,0.158684717,0.312515889,0.30333722,0.318305793
401,dec_run3_4_58,0.156954477,0.132857103,0.184274756,0.212095946,0.153700105,0.30047435,0.304296318,0.292918378
402,dec_run3_5_59,0.202539595,0.180885472,0.226947409,0.24567884,0.210328861,0.28300449,0.28966602,0.176412731
403,dec_run3_6_60,0.196382849,0.176701064,0.222173646,0.245751683,0.209784176,0.274290936,0.258430141,0.177928145
404,dec_run3_7_61,0.396927347,0.38659954,0.370244757,0.529247043,0.563252859,0.433934854,0.442690068,0.553764801
405,dec_run3_8_62,0.390543937,0.378780133,0.362623941,0.523577168,0.559414909,0.411805779,0.440861474,0.536555337
406,dec_run3_9_63,0.876044388,0.864489347,0.824436105,0.64690279,0.852743441,0.878702495,0.85901093,0.52105532
407,dec_run4_1_67,0.420133084,0.434166671,0.425186008,0.362850897,0.472418639,0.388804453,0.375586015,0.235666101
408,dec_run4_10_76,0.212065941,0.195492591,0.242571859,0.256205493,0.223302762,0.296133492,0.442643331,0.3015332
409,dec_run4_11_77,0.252794767,0.257830855,0.249936509,0.158337292,0.287622172,0.214915766,0.252063306,0.077528466
410,dec_run4_12_78,0.242547147,0.251089227,0.244765958,0.166222158,0.277876106,0.201751317,0.234165088,0.097088088
411,dec_run4_2_68,0.406884287,0.421971241,0.419873806,0.35896947,0.4487568,0.368197192,0.379843333,0.245983705
412,dec_run4_3_69,0.577948873,0.535602623,0.610751381,0.418889732,0.618392588,0.547675539,0.625568016,0.505464633
413,dec_run4_4_70,0.561681256,0.526636167,0.598270887,0.407968371,0.606111283,0.536776964,0.651242782,0.487454643
414,dec_run4_7_73,0.178871669,0.146668109,0.207773164,0.23968779,0.173184365,0.335780467,0.353183156,0.302644693
415,dec_run4_8_74,0.174093103,0.143068079,0.206261725,0.238339777,0.170393255,0.324949624,0.338162158,0.326728551
416,dec_run4_9_75,0.222441205,0.201008016,0.255637177,0.271139387,0.233240672,0.310034568,0.365253209,0.245041717
417,dec_run5_1_79,0.42768836,0.416602371,0.406659933,0.606749572,0.615786222,0.414696894,0,0.138946635
418,dec_run5_10_88,0.103801139,0.090740082,0.124002256,0.114625798,0.114519477,0.00172469,0,0
419,dec_run5_11_89,0.413363497,0.424736869,0.431415843,0.403964911,0.467853207,0.273085323,7.48E-18,0
420,dec_run5_12_90,0.403396827,0.417710387,0.419584266,0.387535509,0.448568707,0.270388305,0,0
421,dec_run5_2_80,0.423490842,0.416626446,0.396938538,0.596026648,0.61124311,0.424383714,0.07685182,0.193966716
422,dec_run5_3_81,0.245792883,0.195211202,0.270584114,0.287776486,0.230085491,0.42028072,0.038979899,0.273647078
423,dec_run5_4_82,0.234587925,0.189014163,0.261102898,0.284972413,0.223519577,0.403189392,0.018970609,0.238174367
424,dec_run5_5_83,0.944691216,0.926794523,0.869750751,0.688051049,0.912764978,1.029238557,0.43281379,0.150902589
425,dec_run5_6_84,0.9222725,0.911543247,0.872902756,0.696919079,0.898201646,0.910513684,0.441736435,0.21032354
426,dec_run5_7_85,0.572757328,0.535756177,0.609985806,0.441642666,0.616422827,0.50789611,0.035915592,0.073961709
427,dec_run5_8_86,0.555854993,0.519947393,0.592875336,0.433313949,0.601392216,0.491023644,0.031305226,0.050159482
428,dec_run5_9_87,0.10314352,0.091100967,0.122080602,0.124352549,0.109525397,0.002047345,0,0
429,dec_run6_1_91,0.270564543,0.295269489,0.275278536,0.27193436,0.280961507,0.204504128,0.189403275,0.007800266
430,dec_run6_10_100,0.262862106,0.258034286,0.283038938,0.282726296,0.279329603,0.270099661,0.326639855,0.198719125
431,dec_run6_2_92,0.26216029,0.287168059,0.267082892,0.264707253,0.271568711,0.201547047,0.183620552,0.027697185
432,dec_run6_3_93,0.23092796,0.251864703,0.236026503,0.211450455,0.259415766,0.170885904,0.190447829,0
433,dec_run6_4_94,0.221849334,0.238857207,0.222327595,0.177799527,0.250846934,0.195667503,0.53122486,0.213887238
434,dec_run6_5_95,0.301457253,0.307717244,0.313339963,0.270851784,0.332663129,0.245055779,0.173259176,0
435,dec_run6_6_96,0.289271375,0.29655971,0.301628695,0.266693874,0.320529461,0.225404597,0.160537092,0.003089104
436,dec_run6_7_97,0.709184149,0.799534943,0.572817679,0.357402185,0.723067517,0.583650204,0.44453801,0.160672968
437,dec_run6_8_98,0.677368984,0.76837015,0.55067003,0.35823351,0.700600489,0.548408632,0.432062855,0.124840672
438,dec_run7_1_103,0.309899648,0.374292783,0.260710192,0.242736025,0.333458166,0.243929938,0.2469599,0.084676987
439,dec_run7_10_112,0.388948441,0.458633862,0.339007045,0.325444746,0.413578647,0.279027109,0.278403045,0.099086295
440,dec_run7_11_113,0.4597271,0.417975569,0.492198987,0.424682409,0.529243014,0.421434871,0.364606161,0.020505696
441,dec_run7_12_114,0.447443362,0.408452108,0.478352803,0.412673615,0.512451261,0.415417484,0.359240117,0.012839446
442,dec_run7_2_104,0.291262169,0.346714206,0.24974586,0.238204737,0.315862252,0.228442439,0.230330924,0.082771692
443,dec_run7_3_105,0.398629653,0.41412801,0.399799572,0.284861959,0.453589177,0.318638386,0.28846602,0.065899161
444,dec_run7_4_106,0.381922258,0.402241734,0.386712761,0.28243235,0.435533947,0.310860245,0.265300843,0.081402744
445,dec_run7_7_109,0.281772181,0.289868136,0.302518521,0.255451509,0.328080082,0.229512297,0.258388377,0.028972296
446,dec_run7_8_110,0.268765629,0.274632162,0.286652539,0.253652882,0.314916973,0.215097729,0.263377724,0.009378321
447,dec_run7_9_111,0.4022124,0.469687732,0.348745806,0.341415664,0.423369857,0.28295799,0.282158876,0.106338445
448,dec_run8_1_115,0.342677688,0.284817503,0.373974878,0.500262234,0.291705691,0.71959888,0.785478331,0.560907494
449,dec_run8_10_124,0.24954381,0.275151907,0.252099252,0.258731342,0.269684264,0.178406383,0.233546898,0.071766793
450,dec_run8_11_125,0.265689479,0.252299504,0.289061453,0.280041342,0.295492702,0.272144409,0.370085865,0.270780841
451,dec_run8_12_126,0.255794516,0.251280337,0.275973423,0.261669118,0.282194102,0.299250045,0.388485589,0.341453763
452,dec_run8_2_116,0.333915584,0.279414915,0.36263711,0.488053713,0.283944013,0.701371492,0.772907465,0.534840861
453,dec_run8_3_117,0.289292055,0.296186936,0.302979655,0.264173924,0.329209535,0.227598529,0.182197964,0.029321178
454,dec_run8_4_118,0.279495403,0.285465472,0.290548611,0.261517698,0.320791491,0.214055258,0.17352419,0.031496882
455,dec_run8_5_119,0.218484542,0.239559854,0.2239235,0.208738443,0.252265624,0.152455635,0.122165142,0.025128009
456,dec_run8_6_120,0.213464235,0.233673898,0.215382103,0.206600974,0.248768015,0.142430295,0.130840679,0
457,dec_run8_8_122,0.633793066,0.728219709,0.523587864,0.3532477,0.675136216,0.490476576,0.4438023,0.157248177
458,dec_run8_9_123,0.258345054,0.286555868,0.265564866,0.263202529,0.281090566,0.191350805,0.211628069,0.01577601
459,dec_run9_10_136,0.412320341,0.476856791,0.367781652,0.356057716,0.436189738,0.291703158,0.315633153,0.129446954
460,dec_run9_11_137,0.346684714,0.286075752,0.378710879,0.491106476,0.292310165,0.729597009,0.814160788,0.600577447
461,dec_run9_12_138,0.338389311,0.276537142,0.365804282,0.478280398,0.288518201,0.706241532,0.794665519,0.599298113
462,dec_run9_2_128,0.429128991,0.450232505,0.431228379,0.287035358,0.482345111,0.372756607,0.499132363,0.254538085
463,dec_run9_5_131,0.308036078,0.31743037,0.331435383,0.283474414,0.361351562,0.25069469,0.29223929,0.02419406
464,dec_run9_6_132,0.301085709,0.305094968,0.318134933,0.278111797,0.354796456,0.252476716,0.274336203,0.009927444
465,dec_run9_7_133,0.334808145,0.396194125,0.278330644,0.268011338,0.36328197,0.254758305,0.270173183,0.040450177
466,dec_run9_8_134,0.32304388,0.386891417,0.270332827,0.261913445,0.350412871,0.246072212,0.262542479,0.048225246
467,dec_run9_9_135,0.430064426,0.490364665,0.378262232,0.357499223,0.454932775,0.307245846,0.322319871,0.078651051
468,feb_run1_1_1,0.116452457,0.105535159,0.126223313,0.131412106,0.105923343,0.129292012,0.150677978,0.094080966
469,feb_run1_2_2,0.106673461,0.101994945,0.116145084,0.123498421,0.109752754,0.122246487,0.38768994,0.159299255
470,feb_run1_5_5,0.187153313,0.209476266,0.187809876,0.188348475,0.216508073,0.142962477,0.152634764,0.064429314
471,feb_run1_6_6,0.178199305,0.199884251,0.177767086,0.186783226,0.205812767,0.135986225,0.145806859,0.05735559
472,feb_run1_8_8,0.211130864,0.201124001,0.229688911,0.253268665,0.22346564,0.242592033,0.2170209,0.090236566
473,feb_run10_10_20,0.33652434,0.294866519,0.347155846,0.327346517,0.35458343,0.326196812,0.345843298,0.339403057
474,feb_run10_3_13,0.318565067,0.302769476,0.345949289,0.301041692,0.347072618,0.257954307,0.266896236,0.080580625
475,feb_run10_4_14,0.307023252,0.292399403,0.3333384,0.290479472,0.335603462,0.252386343,0.245755524,0.079467183
476,feb_run10_5_15,0.19578506,0.208459038,0.173601533,0.176341865,0.193175503,0.170712457,0.190084106,0.066747483
477,feb_run10_6_16,0.189230233,0.201294002,0.164290827,0.169133109,0.182945027,0.157268533,0.176216538,0.063626808
478,feb_run10_7_17,0.529890519,0.52758365,0.540960892,0.503225341,0.613172094,0.417431143,0.354324048,0.051350221
479,feb_run10_8_18,0.51062928,0.510623861,0.526653852,0.497255452,0.593150341,0.389800757,0.331718282,0.053023193
480,feb_run10_9_19,0.346677139,0.3031714,0.35924844,0.33330867,0.360959322,0.329110837,0.364413283,0.348287217
481,feb_run11_1_21,0.117968041,0.115623698,0.126766591,0.132560687,0.111579391,0.136810758,0.129934973,0.102337192
482,feb_run11_10_30,0.290912208,0.232460561,0.303917438,0.295970964,0.270051651,0.407794212,0.53980947,0.502967716
483,feb_run11_2_22,0.114059039,0.108407183,0.122593214,0.133703938,0.115252532,0.126574695,0.144791001,0.043563871
484,feb_run11_3_23,0.769069969,0.731381757,0.73689598,0.680473546,0.726333681,0.74776924,0.677615387,0.35462329
485,feb_run11_4_24,0.742448383,0.709205655,0.714211679,0.678431788,0.687953674,0.712428486,0.631553293,0.161883841
486,feb_run11_5_25,0.461473235,0.47334973,0.471976927,0.443743285,0.481476724,0.419047655,0.452454567,0.175432098
487,feb_run11_6_26,0.444072852,0.45849067,0.457908526,0.43687448,0.464477643,0.405309187,0.428455653,0.195645586
488,feb_run11_7_27,0.260316485,0.226942564,0.29637995,0.20584271,0.297877865,0.230844204,0.216258885,0.029981097
489,feb_run11_8_28,0.250685694,0.219710194,0.289132101,0.210414574,0.291019033,0.214583024,0.19715865,0.11105525
490,feb_run11_9_29,0.29918639,0.239977596,0.311958874,0.299734839,0.26912955,0.425537792,0.560715442,0.539256868
491,feb_run12_1_31,0.323562771,0.318631157,0.360019564,0.311554431,0.354130603,0.269426645,0.271476869,0.109020244
492,feb_run12_10_40,0.17932739,0.198451894,0.182968773,0.180191446,0.204201605,0.132522007,0.146512306,0.073412804
493,feb_run12_2_32,0.312566117,0.30771817,0.344929579,0.295070607,0.344178161,0.258677732,0.254521204,0.052695505
494,feb_run12_3_33,0.310144309,0.333330419,0.284497764,0.302431058,0.300623044,0.240379034,0.218650441,0.095609826
495,feb_run12_4_34,0.299266973,0.326326056,0.274703086,0.290431273,0.296403422,0.226703788,0.212661327,0.120926182
496,feb_run12_5_35,0.19829261,0.216003063,0.179853211,0.18863728,0.189607654,0.161595984,0.166539639,0.063263802
497,feb_run12_6_36,0.189660604,0.209436113,0.172985651,0.16840235,0.186307409,0.1805963,0.147375128,0.051575592
498,feb_run12_9_39,0.183552799,0.207599736,0.189190658,0.181423595,0.206977999,0.148370863,0.142708359,0.082521873
499,feb_run13_1_41,0.390140995,0.352908283,0.402216313,0.409354547,0.36911293,0.366547513,0.358541855,0.158186742
500,feb_run13_10_50,0.54364705,0.544773543,0.557470933,0.560657038,0.630838353,0.402762494,0.401348653,0.002567511
501,feb_run13_2_42,0.372162592,0.341730503,0.388224369,0.399432832,0.352687424,0.348553764,0.348252031,0.10974152
502,feb_run13_5_45,0.530612551,0.482322075,0.475556261,0.548449618,0.419876719,0.716696383,0.699417287,0.343366591
503,feb_run13_6_46,0.489602782,0.448197222,0.449316585,0.520027938,0.39460831,0.660482355,0.662655232,0.270448439
504,feb_run13_7_47,0.229618692,0.2349587,0.229939765,0.238034796,0.232795013,0.199639503,0.185748037,0.118007786
505,feb_run13_8_48,0.214626925,0.222622304,0.218677373,0.229797851,0.219504083,0.181801271,0.187889738,0.077810015
506,feb_run13_9_49,0.597012653,0.596828147,0.608960969,0.593208287,0.677951758,0.460144789,0.410666227,0.006493336
507,feb_run14_1_51,0.439750862,0.502181376,0.369230885,0.340563159,0.421348617,0.324598827,0.27432524,0.058990305
508,feb_run14_10_60,0.210325629,0.220909465,0.208009747,0.204867816,0.218135238,0.173385205,0.160262461,0.068371487
509,feb_run14_2_52,0.4170014,0.480546307,0.356590613,0.333602531,0.403196244,0.30252824,0.25344689,0.06547233
510,feb_run14_3_53,0.351205778,0.381089069,0.350239386,0.314341956,0.37095469,0.262594948,0.265112448,0.143771898
511,feb_run14_4_54,0.330492881,0.360991916,0.33205368,0.299334283,0.35363679,0.24547568,0.254273047,0.111465588
512,feb_run14_5_55,0.352445843,0.364860952,0.314724678,0.310759734,0.327591443,0.311055259,0.272771812,0.093983321
513,feb_run14_6_56,0.338192515,0.353336363,0.302203074,0.304067127,0.316942185,0.298911999,0.261982096,0.072021104
514,feb_run14_7_57,0.272857089,0.25618107,0.296976911,0.319187534,0.26510988,0.275361115,0.269139891,0.134850032
515,feb_run14_8_58,0.257131757,0.242727304,0.279339448,0.299917893,0.250480463,0.26342307,0.248220195,0.079802894
516,feb_run14_9_59,0.218305193,0.226948653,0.213795202,0.20669468,0.226410152,0.182381908,0.179726854,0.069296045
517,feb_run15_3_63,0.360465161,0.313694759,0.373460861,0.354733295,0.392516674,0.34228019,0.398599884,0.252590651
518,feb_run15_4_64,0.336463953,0.299547707,0.352814692,0.341771264,0.372302739,0.327410987,0.367523477,0.209722285
519,feb_run15_5_65,0.224624861,0.203150121,0.242572537,0.249728926,0.228928847,0.256068724,0.309260808,0.168336887
520,feb_run15_6_66,0.216842203,0.198409386,0.233860645,0.242681792,0.225705198,0.246795967,0.298381176,0.134860586
521,feb_run2_1_67,0.218448071,0.231875811,0.199448435,0.203744084,0.216053939,0.178747754,0.136656266,0.046552767
522,feb_run2_10_76,0.379470089,0.333608482,0.402253912,0.381223875,0.408671404,0.352286337,0.362115998,0.219381243
523,feb_run2_2_68,0.210420316,0.223645993,0.190518301,0.194938878,0.205547442,0.173958921,0.131495499,0.046901618
524,feb_run2_3_69,0.523730859,0.472022075,0.48173592,0.533549861,0.435728607,0.712618454,0.668531387,0.350654648
525,feb_run2_4_70,0.504590999,0.455071648,0.467184827,0.521506239,0.42431445,0.6906155,0.6504354,0.34286791
526,feb_run2_7_73,0.860419566,0.814727763,0.827670056,0.797808069,0.786620585,0.824480387,0.680053659,0.191548562
527,feb_run2_8_74,0.826229259,0.788148423,0.801400823,0.768149198,0.763162002,0.789239937,0.65868312,0.187379217
528,feb_run2_9_75,0.393930549,0.340224139,0.409668562,0.395210202,0.42239752,0.362254594,0.367711037,0.233771023
529,feb_run3_1_77,0.376100424,0.409260765,0.377881761,0.341835453,0.404696752,0.278860669,0.273434801,0.09833434
530,feb_run3_10_86,0.431433282,0.494358575,0.374201415,0.342750871,0.431013435,0.303982299,0.288515905,0.095799324
531,feb_run3_2_78,0.362633154,0.395467342,0.364202623,0.323654642,0.396341315,0.275740485,0.268387327,0.093308129
532,feb_run3_3_79,0.327117706,0.356850311,0.30342924,0.329789559,0.319670323,0.233434582,0.221877149,0.130435554
533,feb_run3_4_80,0.315944428,0.347354002,0.29453617,0.326708062,0.311793395,0.223566454,0.217135551,0.125242057
534,feb_run3_5_81,0.49804713,0.504472935,0.515463284,0.486065171,0.507643068,0.455779095,0.478920688,0.287421333
535,feb_run3_6_82,0.478803271,0.49307789,0.500816888,0.477243489,0.494966798,0.447527573,0.453663198,0.293775897
536,feb_run3_7_83,0.277828339,0.245572677,0.322260524,0.235337241,0.312876982,0.247040542,0.228630535,0.054123006
537,feb_run3_8_84,0.268935831,0.238050581,0.312559608,0.233641283,0.305037481,0.225521683,0.213028528,0.065585672
538,feb_run3_9_85,0.44628927,0.510191704,0.389211211,0.355449421,0.444443429,0.312275134,0.285268524,0.104674296
539,feb_run4_1_87,0.258740946,0.209120568,0.275872211,0.26155845,0.229456251,0.383966218,0.466153647,0.482196055
540,feb_run4_10_96,0.168564852,0.1775296,0.177111177,0.180765601,0.175410375,0.146762796,0.240849899,0.115233835
541,feb_run4_2_88,0.249064067,0.202406387,0.263295712,0.253713681,0.223933246,0.362281927,0.453955485,0.42351975
542,feb_run4_3_89,0.232586264,0.219607789,0.239891283,0.265521482,0.224914095,0.234366317,0.250523005,0.08747728
543,feb_run4_4_90,0.223252955,0.211329141,0.236097345,0.264374528,0.217705939,0.22286241,0.215314685,0.069177309
544,feb_run4_7_93,0.186432739,0.192836518,0.188627643,0.181116267,0.196697239,0.162461568,0.146376524,0.054441361
545,feb_run4_8_94,0.178266614,0.185463754,0.182410545,0.179169992,0.189314455,0.150795374,0.142472473,0.047601547
546,feb_run4_9_95,0.174770271,0.184062101,0.181127491,0.185665613,0.179243055,0.155814649,0.207336006,0.096893156
547,feb_run5_1_97,0.515688163,0.51833927,0.535815934,0.511347705,0.600346625,0.397683789,0.307838358,0.04225592
548,feb_run5_2_98,0.500865184,0.504557683,0.522500207,0.501612485,0.589972151,0.36953357,0.343417653,0.03638621
549,feb_run5_3_99,0.329807661,0.301916621,0.355398354,0.341241797,0.327157806,0.314457529,0.299007147,0.128796616
550,feb_run5_4_100,0.31653635,0.291572644,0.345000703,0.334296014,0.31582658,0.294511618,0.284224677,0.155244503
551,feb_run5_5_101,0.333079365,0.347205757,0.309271355,0.303121944,0.312336332,0.289918033,0.258677583,0.065233871
552,feb_run5_6_102,0.317280342,0.33436132,0.297316689,0.296197792,0.29803724,0.27623114,0.263101953,0.077021572
553,feb_run6_1_103,0.44775824,0.462230103,0.473698725,0.434648814,0.467214156,0.414859123,0.402333841,0.274924043
554,feb_run6_10_112,0.181254689,0.173593279,0.191793915,0.173147203,0.205363963,0.164598556,0.09124511,0.03791552
555,feb_run6_2_104,0.43450699,0.457026375,0.46291253,0.432015525,0.454671788,0.397890217,0.377706127,0.277379275
556,feb_run6_3_105,0.28826759,0.234075032,0.30644548,0.291288165,0.258794546,0.414815778,0.477424591,0.479215364
557,feb_run6_4_106,0.282451159,0.227800755,0.30365286,0.284490776,0.256494758,0.413255792,0.471637497,0.483295257
558,feb_run6_5_107,0.335502889,0.363579771,0.346510303,0.298262807,0.369029983,0.258038705,0.205068226,0.14839327
559,feb_run6_6_108,0.328411896,0.357050411,0.337144747,0.296313392,0.365155028,0.254028296,0.206460893,0.100655744
560,feb_run6_7_109,0.398373935,0.466188185,0.352676672,0.321521697,0.397249984,0.286000309,0.17770925,0.071473904
561,feb_run6_8_110,0.392360097,0.456434922,0.343411718,0.313587768,0.395880754,0.278246113,0.181020303,0.058254487
562,feb_run6_9_111,0.182461609,0.178813072,0.191920336,0.17363773,0.208010656,0.166061123,0.089816965,0.014208312
563,feb_run7_1_113,0.354077038,0.370848021,0.317884547,0.322085552,0.333447579,0.305491441,0.238940856,0.057214344
564,feb_run7_10_122,0.757755052,0.730241407,0.73038219,0.696166865,0.704348917,0.723213777,0.626034491,0.199277596
565,feb_run7_2_114,0.339696023,0.360060934,0.305990735,0.311680229,0.32101527,0.291081806,0.236818565,0.07905996
566,feb_run7_5_117,0.260157137,0.226726547,0.301131246,0.22445754,0.297231387,0.220802957,0.20002219,0.048340456
567,feb_run7_6_118,0.250061011,0.223869493,0.292538639,0.220903116,0.286181746,0.22546362,0.163535142,0.077753484
568,feb_run7_7_119,0.265525029,0.250929083,0.283456635,0.317389603,0.268852964,0.260012363,0.235150448,0.069624982
569,feb_run7_8_120,0.259743328,0.243923352,0.275095856,0.311138917,0.266129234,0.254873322,0.230069211,0.053704876
570,feb_run7_9_121,0.770382203,0.735381884,0.743170511,0.719606759,0.715365563,0.722610031,0.624997385,0.198358639
571,feb_run8_1_123,0.214573794,0.223134404,0.219617286,0.22296966,0.222899286,0.185412267,0.183068365,0.126333362
572,feb_run8_2_124,0.206687281,0.213147104,0.207608039,0.217770989,0.218733319,0.17605428,0.172804176,0.079156165
573,feb_run8_3_125,0.362938569,0.33497186,0.381695314,0.375713435,0.358965133,0.336927377,0.323160727,0.166852741
574,feb_run8_4_126,0.349533358,0.320081841,0.367680031,0.362013925,0.349287575,0.323515249,0.307761532,0.143473708
575,feb_run8_5_127,0.321206317,0.350569626,0.292618626,0.318196333,0.31611261,0.236032413,0.22314057,0.126015343
576,feb_run8_6_128,0.307414187,0.337327276,0.278544371,0.307532204,0.302471783,0.214321657,0.236717617,0.091964162
577,feb_run8_8_130,0.118640882,0.115906811,0.124346548,0.137176841,0.110527233,0.137810077,0.126766124,0.112646203
578,feb_run9_1_133,0.190918368,0.207363709,0.193605403,0.184171407,0.210125557,0.154586086,0.117708827,0.096554306
579,feb_run9_2_134,0.179954022,0.196659977,0.185859772,0.187434889,0.197800137,0.130111134,0.119089354,0.055762818
580,feb_run9_3_135,0.484942369,0.442011952,0.44989549,0.498067779,0.399993004,0.66213747,0.632550849,0.339797683
581,feb_run9_4_136,0.46518231,0.42305778,0.434124867,0.478447866,0.385273915,0.635395324,0.600378858,0.330769992
582,feb_run9_5_137,0.226734073,0.208197402,0.245996148,0.254992471,0.231231415,0.259374528,0.212078008,0.069948048
583,feb_run9_6_138,0.218570728,0.201594033,0.236993054,0.245691904,0.220310299,0.243517943,0.208298357,0.087195677
584,oct_run1_10_10,0.134360665,0.126097028,0.173057361,0.191042177,0.145397211,0.155652847,0.113772736,0.222765151
585,oct_run1_11_11,0.106664079,0.104772851,0.122447221,0.125992577,0.116385418,0.039695644,0,0.118271967
586,oct_run1_12_12,0.103398293,0.09989015,0.118063207,0.125028284,0.115169306,0.031959911,0,0.125456848
587,oct_run1_13_13,0.207419986,0.208518425,0.194854351,0.207484007,0.267577314,0.105361388,0.05093027,0.156144841
588,oct_run1_14_14,0.20121353,0.203877302,0.18817974,0.204802015,0.260878827,0.103249773,0.043528427,0.16307024
589,oct_run1_3_3,0.066957729,0.065014379,0.083590183,0.109891285,0.064926887,0.02426265,0,0.048127378
590,oct_run1_4_4,0.064369635,0.062609721,0.082010709,0.109405416,0.067500283,0.022091723,1.88E-18,0.043476992
591,oct_run1_5_5,0.100447505,0.087247067,0.134265693,0.091191772,0.11880688,0.037597042,0,0.153389548
592,oct_run1_6_6,0.096483948,0.083119716,0.128597998,0.092968846,0.117162403,0.033915239,0,0.113987849
593,oct_run1_7_7,0.17683697,0.16047597,0.220315254,0.120269559,0.183154329,0.102151484,0.031958234,0.0425225
594,oct_run1_8_8,0.169608288,0.155128847,0.213838709,0.123261149,0.174049281,0.096964228,0.031357317,0.04920556
595,oct_run10_1_15,0.158268075,0.136123625,0.200049973,0.211543634,0.157218199,0.29351384,0.289215716,0.047180424
596,oct_run10_10_24,0.072121089,0.066071888,0.08916435,0.11237912,0.072064668,0.097252354,0.129673,0.024338815
597,oct_run10_11_25,0.075986529,0.078455601,0.083559716,0.056531359,0.085848349,0.075094876,0.151138565,0.183993958
598,oct_run10_12_26,0.073844499,0.076233049,0.084303564,0.058086231,0.079084362,0.062734106,0.169267287,0.173441431
599,oct_run10_13_27,0.273662878,0.214356723,0.289878141,0.273710314,0.245833863,0.460592421,0.720261045,0.651619233
600,oct_run10_14_28,0.265368125,0.20934035,0.279845952,0.267492359,0.243617361,0.447840912,0.695115928,0.624910891
601,oct_run10_2_16,0.152796796,0.131878975,0.191990954,0.208931375,0.151927651,0.276080969,0.266164155,0.051457159
602,oct_run10_4_18,0.232426167,0.213714566,0.244303761,0.296910176,0.21187859,0.266601777,0.35429291,0.165112352
603,oct_run10_7_21,0.485427995,0.462556242,0.540121479,0.884313582,0.447786399,0.843298675,0.82376167,0.210667977
604,oct_run10_8_22,0.471410098,0.450975675,0.52288414,0.856178308,0.44773887,0.81519862,0.803487172,0.185182123
605,oct_run10_9_23,0.073348592,0.070244658,0.089417112,0.111346109,0.072422789,0.103056588,0.134260499,0.021460553
606,oct_run11_1_29,0.370100767,0.318611872,0.426150295,0.529753242,0.292156181,0.792046381,0.86925844,0.397599839
607,oct_run11_2_30,0.359257468,0.306882906,0.413249876,0.518258289,0.288788433,0.769319079,0.849985629,0.378975142
608,oct_run11_3_31,0.187516711,0.180101965,0.184433815,0.204089648,0.177912293,0.221288128,0.204957889,0.002858415
609,oct_run11_4_32,0.181531325,0.176974446,0.17889888,0.191273692,0.174640011,0.228343438,0.191847692,0
610,oct_run2_1_33,0.274727991,0.213888274,0.294618027,0.283926368,0.253774049,0.459356576,0.630341998,0.793814586
611,oct_run2_10_42,0.152065931,0.130611111,0.195613634,0.200853339,0.151608839,0.272895098,0.313592181,0.090349445
612,oct_run2_11_43,0.184386268,0.174309963,0.182016454,0.203573031,0.178830152,0.209322082,0.157770509,0.028288293
613,oct_run2_12_44,0.174902773,0.166732086,0.17323781,0.197651617,0.176110164,0.203812348,0.156385944,0.01231232
614,oct_run2_13_45,0.069917073,0.062499477,0.083150694,0.061500216,0.079817519,0.056559609,0.067550758,0.118800822
615,oct_run2_14_46,0.068576439,0.062199716,0.080614798,0.056694954,0.077379313,0.068400283,0.108033113,0.154395113
616,oct_run2_2_34,0.265392069,0.205562304,0.284077997,0.276299876,0.244766499,0.433791049,0.619777338,0.695675795
617,oct_run2_5_37,0.118275285,0.116857056,0.135564569,0.113332881,0.140719904,0.10963095,0.059401954,0.027726509
618,oct_run2_6_38,0.112595373,0.113373893,0.131678068,0.121659781,0.133757135,0.095714603,0.064028294,0.078392991
619,oct_run2_7_39,0.220587622,0.198132741,0.238999964,0.182069864,0.215016736,0.289851827,0.197322242,0.021568134
620,oct_run2_8_40,0.210278532,0.192977982,0.232736737,0.184324135,0.210371293,0.276412091,0.180045433,0
621,oct_run2_9_41,0.157959296,0.13350137,0.200141365,0.211947869,0.157795944,0.284410555,0.267806947,0.083297637
622,oct_run3_1_47,0.15919096,0.145672595,0.183655447,0.2505385,0.155730529,0.243650378,0.254890809,0.032816361
623,oct_run3_10_56,0.212804824,0.198547528,0.226022879,0.261913999,0.195379349,0.261916123,0.416870642,0.156054556
624,oct_run3_11_57,0.254195597,0.209201038,0.321940262,0.340466394,0.233576887,0.374136949,0.421583584,0.208772841
625,oct_run3_12_58,0.247350154,0.205554161,0.317062577,0.328384754,0.226334265,0.366589622,0.455553852,0.233677731
626,oct_run3_13_59,0.34144699,0.369232523,0.288755677,0.31027034,0.29575247,0.292751606,0.233985238,0
627,oct_run3_14_60,0.331989013,0.357390848,0.278900139,0.303985875,0.288614015,0.281989161,0.240039542,0
628,oct_run3_2_48,0.153781206,0.14300946,0.178353547,0.241948974,0.150997491,0.234743222,0.251640022,0.022184247
629,oct_run3_3_49,0.44306683,0.424467027,0.489979756,0.813741364,0.414327751,0.77744218,0.733852331,0.223485993
630,oct_run3_4_50,0.432109414,0.414935348,0.476912654,0.800721319,0.404160368,0.754947956,0.743047247,0.183442057
631,oct_run3_5_51,0.262131967,0.251014136,0.252784157,0.179602315,0.271498328,0.280759764,0.318734729,0.22700583
632,oct_run3_6_52,0.25408396,0.249295439,0.246411378,0.180331586,0.264966565,0.282460321,0.304739222,0.19156473
633,oct_run3_7_53,0.325683505,0.281763256,0.373843842,0.482086195,0.266883912,0.69834701,0.792634251,0.430219569
634,oct_run3_8_54,0.317054766,0.274107892,0.365225634,0.466142422,0.261651814,0.684562638,0.764735719,0.400306983
635,oct_run3_9_55,0.217627376,0.20090476,0.226954194,0.277992964,0.20501572,0.258900483,0.318764866,0.135563733
636,oct_run4_1_61,0.248867851,0.212837813,0.267749286,0.153582718,0.275695829,0.292555936,0.400415892,0.754476162
637,oct_run4_10_70,0.110788347,0.108570528,0.128120131,0.09074282,0.130025728,0.111209776,0.169829482,0.095771757
638,oct_run4_11_71,0.17857015,0.166409605,0.175933058,0.168433277,0.175132048,0.228924985,0.329583355,0.093713202
639,oct_run4_12_72,0.170397808,0.15837042,0.170605065,0.166550706,0.168009426,0.201520239,0.398303381,0.108039521
640,oct_run4_13_73,0.270052967,0.214010403,0.34919883,0.345025224,0.250827503,0.40361419,0.484702184,0.321366975
641,oct_run4_14_74,0.26249529,0.210560455,0.345964702,0.344471763,0.244888025,0.388915503,0.485124086,0.350459884
642,oct_run4_2_62,0.237789943,0.202456666,0.258790597,0.153136461,0.266113824,0.270521782,0.385508452,0.697903622
643,oct_run4_5_65,0.177292362,0.154468503,0.227383562,0.107879295,0.17944941,0.171891562,0.172949061,0.05969578
644,oct_run4_6_66,0.170997576,0.146419221,0.21573997,0.10822661,0.177044962,0.161364493,0.158361742,0.04880976
645,oct_run4_7_67,0.364548702,0.298402867,0.414317492,0.520675779,0.289657365,0.797668073,0.990261712,0.678402784
646,oct_run4_8_68,0.343853797,0.286505548,0.400164558,0.491211287,0.280196081,0.76590471,0.97587106,0.654820099
647,oct_run4_9_69,0.116702812,0.109952903,0.133128397,0.091181956,0.136767663,0.119080136,0.172851242,0.122183607
648,oct_run5_1_75,0.231423563,0.208469068,0.242814126,0.301637462,0.212190709,0.23004597,0.130034546,0.125430284
649,oct_run5_10_84,0.064904847,0.062744119,0.085421875,0.110334805,0.067111809,0.039263814,0,0.027376509
650,oct_run5_11_85,0.162017335,0.14897262,0.197444556,0.257261171,0.161391597,0.236654865,0.192602091,0.049867968
651,oct_run5_12_86,0.156668942,0.141703718,0.189270219,0.242225542,0.159474941,0.220361151,0.208024855,0.138497396
652,oct_run5_13_87,0.208227423,0.195711905,0.232746137,0.173350138,0.211600166,0.258134319,0.146645713,0.08444678
653,oct_run5_14_88,0.197992074,0.18623143,0.22074922,0.16911443,0.199221543,0.238710243,0.168465715,0.088574204
654,oct_run5_2_76,0.220703598,0.204709354,0.236501246,0.292624563,0.207898414,0.230299573,0.124017986,0.100117134
655,oct_run5_3_77,0.463725665,0.438920657,0.522293635,0.869350802,0.429103378,0.777042074,0.652836296,0.234387238
656,oct_run5_4_78,0.436789889,0.423857613,0.495827164,0.829610036,0.411675844,0.721854316,0.626358339,0.201226845
657,oct_run5_5_79,0.070910126,0.070915328,0.083447388,0.059629974,0.082197732,0.037370813,0.000772197,0.190335227
658,oct_run5_6_80,0.06851391,0.071512513,0.075574493,0.062240908,0.079911493,0.030877044,0.005424591,0.146732373
659,oct_run5_9_83,0.067233368,0.06474152,0.085385527,0.109379083,0.069052925,0.054312453,0,0.032533335
660,oct_run6_1_89,0.382083043,0.413291897,0.307340942,0.32094292,0.340164837,0.34208919,0.204752578,0
661,oct_run6_10_98,0.275509661,0.266264278,0.264370889,0.197257511,0.296281527,0.284047463,0.209116728,0.130045237
662,oct_run6_11_99,0.106026699,0.082190639,0.130164499,0.097633777,0.126211704,0.082340934,0.005280204,0.043541152
663,oct_run6_12_100,0.101137071,0.078842902,0.126743498,0.101694202,0.121348285,0.057833195,0,0.030863943
664,oct_run6_13_101,0.259386645,0.229428851,0.271173123,0.191189212,0.290153478,0.267850729,0.279721135,0.514931458
665,oct_run6_14_102,0.241179893,0.21504987,0.253514456,0.176544079,0.274086357,0.248328281,0.243071643,0.454265573
666,oct_run6_2_90,0.368377834,0.399496431,0.302147714,0.310208561,0.328071159,0.323419925,0.208031715,0
667,oct_run6_4_92,0.117834362,0.117368694,0.120162774,0.111385126,0.13346736,0.10663336,0.057711712,0.159791305
668,oct_run6_5_93,0.160567482,0.134301801,0.192675076,0.219568206,0.162657474,0.269044309,0.14895468,0.027808712
669,oct_run6_6_94,0.157063712,0.130250089,0.190430344,0.217084753,0.158875183,0.265750499,0.15268983,0.038487803
670,oct_run6_9_97,0.289505907,0.277630573,0.273628488,0.194532576,0.307062381,0.296895308,0.237995793,0.142540582
671,oct_run7_3_105,0.143240101,0.1255265,0.173193853,0.189557477,0.144169988,0.222716236,0.116026935,0.142146979
672,oct_run7_4_106,0.140010393,0.121608366,0.169063789,0.191117629,0.139842273,0.212714302,0.12594255,0.103306475
673,oct_run7_5_107,0.258242209,0.200194818,0.27633851,0.272649838,0.232912586,0.41974404,0.509714485,0.582621784
674,oct_run7_6_108,0.251194453,0.199094669,0.267143601,0.257606703,0.231051904,0.437369114,0.514435577,0.553251599
675,oct_run7_7_109,0.211907164,0.204078779,0.191587773,0.200847467,0.264372118,0.162996521,0.137163929,0.137156871
676,oct_run7_8_110,0.19994538,0.199358199,0.180334562,0.195115883,0.263663185,0.17877431,0.131817208,0.093986493
677,oct_run8_1_111,0.11500234,0.113337505,0.126449245,0.125438628,0.125243491,0,3.08E-21,0.329085384
678,oct_run8_10_120,0.138618858,0.12527416,0.170637949,0.214881302,0.14178321,0.108317539,0,0.167153167
679,oct_run8_11_121,0.244635021,0.218968423,0.263703472,0.190920297,0.275214987,0.163982936,0.176852403,0.661801394
680,oct_run8_12_122,0.233052099,0.210372357,0.254627868,0.188111104,0.262048755,0.152316606,0.124444356,0.652301661
681,oct_run8_2_112,0.109777492,0.11309034,0.120206919,0.116363944,0.121087948,0,6.99E-21,0.331946733
682,oct_run8_3_113,0.206891127,0.20763582,0.200268961,0.220730224,0.290842395,0.074051635,0.020805969,0.280412885
683,oct_run8_4_114,0.201777817,0.203529165,0.197692965,0.220960402,0.282526197,0.062699565,0.032851026,0.222256871
684,oct_run8_5_115,0.102186935,0.082732296,0.124215371,0.089886653,0.127539316,2.67E-18,0,0.078139425
685,oct_run8_6_116,0.098034528,0.080828578,0.123089533,0.088164373,0.120694052,2.84E-18,0,0.069862853
686,oct_run8_7_117,0.279425032,0.272921776,0.272718132,0.207037642,0.293028709,0.208450556,0.057768225,0.333939389
687,oct_run8_8_118,0.269439304,0.2647908,0.266153849,0.206592747,0.286273266,0.193625796,0.044468036,0.333614609
688,oct_run8_9_119,0.143307865,0.128976188,0.177903735,0.223750816,0.146070552,0.113331032,0,0.225049547
689,oct_run9_1_125,0.33997594,0.361642396,0.278171293,0.287094588,0.299058099,0.290135737,0.257639896,0
690,oct_run9_10_134,0.157826207,0.139168025,0.188149485,0.093023822,0.16283002,0.175629089,0.273912916,0.059734812
691,oct_run9_11_135,0.254608152,0.206701272,0.318683408,0.315574441,0.23381276,0.402530437,0.449010203,0.32280117
692,oct_run9_12_136,0.248055991,0.200751627,0.310051593,0.303401804,0.229936219,0.401017786,0.467292516,0.274463573
693,oct_run9_2_126,0.327902255,0.351529976,0.26723967,0.274715161,0.286854432,0.280797617,0.269267122,0
694,oct_run9_3_127,0.205234453,0.186237281,0.216024075,0.128711258,0.200382979,0.326171082,0.57491361,0.083913677
695,oct_run9_4_128,0.197822419,0.179054985,0.206797384,0.124103589,0.198218425,0.316392404,0.604056503,0.071361421
696,oct_run9_5_129,0.162331678,0.145591779,0.181432826,0.233469537,0.159874619,0.263144884,0.274659947,0.048490326
697,oct_run9_6_130,0.157798299,0.138181917,0.179254071,0.229963205,0.156307271,0.25205597,0.260757388,0.03935612
698,oct_run9_7_131,0.11351359,0.109233115,0.117266436,0.079313039,0.128349409,0.135461357,0.20486038,0.075712998
699,oct_run9_8_132,0.104679199,0.10248733,0.111941018,0.07954338,0.122623253,0.125269185,0.202079999,0.049365419